<?xml version="1.0" encoding="UTF-8"?>
<!DOCTYPE mapper
  PUBLIC "-//mybatis.org//DTD Mapper 3.0//EN"
  "https://mybatis.org/dtd/mybatis-3-mapper.dtd">
<mapper namespace="com.spring.regcm.mapper.usermapper">

	<resultMap id="authorityMap" type="com.spring.regcm.domain.userAuthorityVO">
		<result property="user_id" column="user_id" />
		<result property="user_authority" column="user_authority" />
	</resultMap>
	
	<resultMap id="userMap" type="com.spring.regcm.domain.userVO">
		<result property="user_num" column="user_num" />
		<result property="user_name" column="user_name" />
		<result property="user_birth" column="user_birth" />
		<result property="user_pn" column="user_pn"/>
		<result property="user_address" column="user_address"/>
		<result property="user_email" column="user_email"/>
		<result property="user_id" column="user_id"/>
		<result property="user_passwd" column="user_passwd"/>
		<result property="user_regDate" column="user_regDate"/>
		 
		<collection property="authorityList" resultMap="authorityMap" /><!-- 권한 정보가 저장됨 -->
	</resultMap>

	<!-- 회원등록  -->
	<insert id="insertuserinfo" parameterType="com.spring.regcm.domain.userVO">
		<selectKey order="BEFORE" keyProperty="user_num" resultType="long">
			SELECT reg_cm.seq_userno.nextval FROM dual
		</selectKey>
		INSERT INTO reg_cm.user_info
		VALUES (#{user_num},#{user_name},#{user_birth},#{user_pn},
        		#{user_address},#{user_email},#{user_id},#{user_passwd},
        		DEFAULT)
	</insert>
	
	<!-- 회원 권한 추가 -->
	<insert id="insertuserauthority">
		INSERT INTO reg_cm.authority_info
		VALUES (#{user_id},'ROLE_MEMBER')
	</insert>
	
	<!-- 아이디 중복체크 -->
	<select id="iddupcheck" resultType="Long">		
		SELECT COUNT(*)
		FROM reg_cm.user_info
		WHERE user_id=#{user_id}	
	</select>
	
	
	<!-- 회원 조회(아이디로) -->
	<select id="viewuserinfo" resultMap="userMap">
		<![CDATA[
		SELECT us.user_num,us.user_name,us.user_birth,us.user_pn
	    	  ,us.user_address,us.user_email,us.user_id,us.user_passwd
	    	  ,us.user_regDate,auth.user_authority
		FROM reg_cm.user_info us INNER JOIN reg_cm.authority_info auth ON us.user_id = auth.user_id
		WHERE us.user_id = #{user_id}
		]]>
	</select>
	
	
	
</mapper>