<?xml version="1.0" encoding="UTF-8"?>
<beans:beans xmlns="http://www.springframework.org/schema/mvc"
	xmlns:xsi="http://www.w3.org/2001/XMLSchema-instance"
	xmlns:beans="http://www.springframework.org/schema/beans"
	xmlns:context="http://www.springframework.org/schema/context"
	xmlns:aop="http://www.springframework.org/schema/aop"
	xmlns:task="http://www.springframework.org/schema/task"
	xmlns:security="http://www.springframework.org/schema/security"
	xsi:schemaLocation="http://www.springframework.org/schema/security http://www.springframework.org/schema/security/spring-security-5.4.xsd
		http://www.springframework.org/schema/mvc https://www.springframework.org/schema/mvc/spring-mvc.xsd
		http://www.springframework.org/schema/task http://www.springframework.org/schema/task/spring-task-4.3.xsd
		http://www.springframework.org/schema/beans https://www.springframework.org/schema/beans/spring-beans.xsd
		http://www.springframework.org/schema/context https://www.springframework.org/schema/context/spring-context.xsd
		http://www.springframework.org/schema/aop http://www.springframework.org/schema/aop/spring-aop-4.3.xsd">

	<!-- DispatcherServlet Context: defines this servlet's request-processing infrastructure -->
	
	<!-- Spring MVC @Controller 기능 활성화 -->
	<annotation-driven />
	
	<!-- Spring AOP 기능 활성화 -->
	<aop:aspectj-autoproxy/>

	<!-- Handles HTTP GET requests for /resources/** by efficiently serving up static resources in the ${webappRoot}/resources directory -->
	<resources mapping="/resources/**" location="/resources/" />
	<resources mapping="/*" location="/" />
	<!-- <resources mapping="/sample/*" location="/sample/" /> -->

	<!-- Resolves views selected for rendering by @Controllers to .jsp resources in the /WEB-INF/views directory -->
	<beans:bean class="org.springframework.web.servlet.view.InternalResourceViewResolver">
		<beans:property name="prefix" value="/WEB-INF/views/" />
		<beans:property name="suffix" value=".jsp" />
	</beans:bean>
	<!-- 
	<context:component-scan base-package="com.team3.rc_pro" /> -->
	
	

	<context:component-scan base-package="com.team3.rc_pro.service"/>
	<context:component-scan base-package="com.team3.rc_pro.mapper"/>
	<context:component-scan base-package="com.team3.rc_pro.domain"/>
	<context:component-scan base-package="com.team3.rc_pro.controller"/>
	<context:component-scan base-package="com.team3.rc_pro.common.fileupload"/>
	<context:component-scan base-package="com.team3.rc_pro.common.filedownload"/>
	<context:component-scan base-package="com.team3.rc_pro.common.security"/>
<!-- 	
	<context:component-scan base-package="sample.less02.spring_controller"/> 
	<context:component-scan base-package="sample.less03.aop"/>
	<context:component-scan base-package="sample.less03.service"/>
-->

	
<!-- Servlet-based MultipartResolver implementation for Apache Commons FileUpload 1.2 or above.  -->
<!-- 
   <beans:bean id="multipartResolver" class="org.springframework.web.multipart.commons.CommonsMultipartResolver">
       <beans:property name="defaultEncoding" value="utf-8"/>
       <beans:property name="maxUploadSize" value="104857560"/>
       <beans:property name="maxUploadSizePerFile" value="2097152"/>
       <beans:property name="uploadTempDir" value="file:/C:/myupload/temp"/>
       <beans:property name="maxInMemorySize" value="20971520"/>
    </beans:bean> -->
    
    
<!-- 멀티파티 업로드 구성을 위한 MultiPartResolver 빈 설정 -->
    <beans:bean id="multipartResolver" 
                class="org.springframework.web.multipart.support.StandardServletMultipartResolver"/>



<!-- 스프링 스케쥴러 관련 설정:(Spring Batch) -->	
	<task:scheduler id="myClearFilesScheduler" pool-size="3"/>
	<task:annotation-driven scheduler="myClearFilesScheduler" />
	<context:component-scan base-package="com.team3.rc_pro.common.task" />
	
<!-- 어노테이션을 이용한 스프링 시큐리티 활성화 -->
	<security:global-method-security pre-post-annotations="enabled" secured-annotations="enabled"/>


</beans:beans>
