<?xml version="1.0" encoding="UTF-8"?>
<beans xmlns="http://www.springframework.org/schema/beans"
	xmlns:xsi="http://www.w3.org/2001/XMLSchema-instance"
	xmlns:security="http://www.springframework.org/schema/security"
	xsi:schemaLocation="http://www.springframework.org/schema/security http://www.springframework.org/schema/security/spring-security-5.4.xsd
		http://www.springframework.org/schema/beans http://www.springframework.org/schema/beans/spring-beans.xsd">
		
<bean id="bCryptPasswordEncoder" 
	  class="org.springframework.security.crypto.bcrypt.BCryptPasswordEncoder"/>

<bean id="myuserdetailsservice"
	class="com.spring.regcm.common.security.myuserdetailsservice"/>

<security:http>
	<security:intercept-url pattern="/home" access="permitAll"/>
	<security:intercept-url pattern="/home_admin" access="hasAuthority('ADMIN')"/>
	<security:intercept-url pattern="/home_member" access="hasAuthority('ROLE_MEMBER')"/>
	<security:intercept-url pattern="/register" access="permitAll"/>
	<security:form-login login-page="/login"
						login-processing-url="/login" 
						default-target-url="/home"
						username-parameter="user_id"
						password-parameter="user_passwd"
						/>
	<security:logout logout-success-url="/home?logout"/>
</security:http>

<security:authentication-manager>
	<security:authentication-provider user-service-ref="myuserdetailsservice">
		<security:password-encoder ref="bCryptPasswordEncoder"/>
	</security:authentication-provider>
</security:authentication-manager>

</beans>
