<?xml version="1.0" encoding="UTF-8"?>
<beans xmlns="http://www.springframework.org/schema/beans"
	xmlns:xsi="http://www.w3.org/2001/XMLSchema-instance"
	xmlns:context="http://www.springframework.org/schema/context"
	xmlns:mybatis-spring="http://mybatis.org/schema/mybatis-spring"
	xmlns:tx="http://www.springframework.org/schema/tx"
	xsi:schemaLocation="http://mybatis.org/schema/mybatis-spring http://mybatis.org/schema/mybatis-spring.xsd
		http://www.springframework.org/schema/beans http://www.springframework.org/schema/beans/spring-beans.xsd
		http://www.springframework.org/schema/context http://www.springframework.org/schema/context/spring-context.xsd
		http://www.springframework.org/schema/tx http://www.springframework.org/schema/tx/spring-tx-4.3.xsd">

<!-- Connection Pool 관련 Bean 구성: HikariCP -->

	<context:property-placeholder location="classpath:jdbcConfig/jdbc.properties"/>
	
	<bean id="hikariConfig" class="com.zaxxer.hikari.HikariConfig">
		<property name="driverClassName" value="${jdbcHikariLog.driverClassName}"></property>
		<property name="jdbcUrl" value="${jdbcHikariLog.jdbcUrl}"></property>
		<property name="username" value="${jdbcHikariLog.username}"></property>
		<property name="password" value="${jdbcHikariLog.password}"></property>
	</bean>
	
	<bean id="dataSource" class="com.zaxxer.hikari.HikariDataSource" destroy-method="close">
 		<constructor-arg ref="hikariConfig" />
 	</bean>
		
<!-- 4. mybatis-spring 연동 (dataSource 빈 주입 받음) -->
	<bean id="sqlSessionFactory" class="org.mybatis.spring.SqlSessionFactoryBean">
		<property name="dataSource" ref="dataSource"></property>
		<property name="mapperLocations">
 			<list>
 				<value>classpath:com/team3/rc_pro/mapper/PostInfoMapper.xml</value>
 				<value>classpath:com/team3/rc_pro/mapper/UserInfoMapper.xml</value>
 			</list>
 		</property> 
	</bean>
	
<!-- 5. mybatis-spring 연동 (SqlSessionFactoryBean 빈 주입 받음) -->
<!-- SqlSessionFactory 보다 쓰레드에 안전 -->
	<bean id="sqlSession" class="org.mybatis.spring.SqlSessionTemplate">
		<constructor-arg index="0" ref="sqlSessionFactory" />
	</bean>
	
	<mybatis-spring:scan base-package="com.team3.rc_pro.mapper" />

	<bean id="txManager"  class="org.springframework.jdbc.datasource.DataSourceTransactionManager">
		<property name="dataSource" ref="dataSource"/>
	</bean>
	
	<tx:annotation-driven transaction-manager="txManager"/>
</beans>
