<?xml version="1.0" encoding="UTF-8"?>
<beans xmlns="http://www.springframework.org/schema/beans"
	xmlns:xsi="http://www.w3.org/2001/XMLSchema-instance"
	xmlns:security="http://www.springframework.org/schema/security"
	xsi:schemaLocation="http://www.springframework.org/schema/security http://www.springframework.org/schema/security/spring-security-5.4.xsd
		http://www.springframework.org/schema/beans http://www.springframework.org/schema/beans/spring-beans.xsd">

<!-- 사용자 password 암호화 처리 빈: BCrypt 방식 암호화 -->
	<bean id="bCryptPasswordEncoder"
		  class="org.springframework.security.crypto.bcrypt.BCryptPasswordEncoder" />
		  
<!-- 사용자 password 암호화 처리 빈: 암호화 하지 않음. -->
	<bean id="UserInfoDetailService"
		  class="com.team3.rc_pro.common.security.UserInfoDetailService"/>
		  		  
 	<security:http>
		<security:intercept-url pattern="/**" access="permitAll" />
		<security:intercept-url pattern="/signin" access="permitAll"/>
		<security:form-login login-page="/login"
							login-processing-url="/login" 
							default-target-url="/"
							username-parameter="user_id"
							password-parameter="user_passwd"
							/>
 		<security:remember-me data-source-ref="dataSource"
							  token-validity-seconds ="604800" /> 
		<security:logout logout-success-url="/"/>					
	</security:http>
 
	<security:authentication-manager>
		<security:authentication-provider user-service-ref="UserInfoDetailService">
			<security:password-encoder ref="bCryptPasswordEncoder" />
		</security:authentication-provider>
	</security:authentication-manager>

</beans>
