<?xml version="1.0" encoding="UTF-8"?>
<!DOCTYPE mapper
  PUBLIC "-//mybatis.org//DTD Mapper 3.0//EN"
  "https://mybatis.org/dtd/mybatis-3-mapper.dtd">
<mapper namespace="com.team3.rc_pro.mapper.MyBoardAttachFileMapper">

<!-- 특정 게시물의 모든 첨부파일 조회 -->
	<select id="selectAttachFiles" resultType="com.team3.rc_pro.domain.MyBoardAttachFileVO">
		SELECT uuid, uploadPath, fileName, fileType, post_id
		FROM book_ex.tbl_myAttachFiles
		WHERE post_id = #{post_id}
	</select>
	
<!--첨부파일 추가 -->
	<insert id="insertAttachFile">
		INSERT INTO post_info
		VALUES (#{uuid}, #{uploadPath}, #{fileName}, #{fileType}, #{post_id})
	</insert>

<!--특정 첨부파일 삭제 -->
	<delete id="deleteAttachFile">
		DELETE FROM book_ex.tbl_myAttachFiles WHERE uuid = #{uuid}
	</delete>
	
	
<!-- 특정 게시물의 모든 첨부파일 삭제 -->
	<delete id="deleteAttachFiles">
		DELETE FROM book_ex.tbl_myAttachFiles 
		WHERE post_id = #{post_id}
	</delete>

</mapper>