<?xml version="1.0" encoding="UTF-8"?>
<!DOCTYPE mapper
  PUBLIC "-//mybatis.org//DTD Mapper 3.0//EN"
  "https://mybatis.org/dtd/mybatis-3-mapper.dtd">
<mapper namespace="com.team3.rc_pro.mapper.MyBoardMapper">

	<!-- 게시물 목록조회(READ) --><!-- <select id="selectMyBoardList" resultType="com.team3.rc_pro.domain.MyBoardVO"> 
		SELECT bno, pos_title, post_content, user_num, post_date, bmoddate, bviewCnt, 
		breplyCnt, bdelFlag FROM book_ex.tbl_myboard ORDER BY bno DESC </select> -->


	<!-- 게시물 목록조회(READ): 페이징 고려 --><!-- <select id="selectMyBoardList" resultType="com.team3.rc_pro.domain.MyBoardVO" 
		parameterType="com.team3.rc_pro.common.paging.domain.MyBoardPagingDTO"> <![CDATA[ 
		SELECT bno, pos_title, post_content, user_num, post_date, bmoddate, bviewCnt, 
		breplyCnt, bdelflag FROM ( SELECT /*+ INDEX_DESC (a pk_myboard) */ROWNUM 
		rn, a.* FROM book_ex.tbl_myboard a WHERE ROWNUM <= (#{pageNum} * #{rowAmountPerPage}) 
		) WHERE rn >= ((#{pageNum} * #{rowAmountPerPage}) - (#{rowAmountPerPage} 
		- 1)) ]]> </select> -->

	<!-- 게시물 총 개수 조회(페이징) --><!-- <select id="selectRowTotal" resultType="long"> SELECT COUNT(*) rowTotal 
		FROM book_ex.tbl_myboard </select> -->

	<!-- 검색 페이징 방법1 -->
	<!-- 게시물 목록조회(READ): 검색 페이징 --> <!-- <select id="selectMyBoardList" resultType="com.team3.rc_pro.domain.MyBoardVO" 
		parameterType="com.team3.rc_pro.common.paging.domain.MyBoardPagingDTO"> <![CDATA[ 
		SELECT bno, pos_title, post_content, user_num, post_date, bmoddate, bviewCnt, 
		breplyCnt, bdelflag FROM ( SELECT /*+ INDEX_DESC (a pk_myboard) */ROWNUM 
		rn, a.* FROM book_ex.tbl_myboard a ]]> <where> <![CDATA[ ROWNUM <= (#{pageNum} 
		* #{rowAmountPerPage}) ]]> <if test="(scope != null or scope != '') and (keyword 
		!= null or keyword != '')"> <choose> <when test="scope == 'T'.toString()"> 
		AND (pos_title LIKE '%'||#{keyword}||'%') </when> <when test="scope == 'C'.toString()"> 
		AND (post_content LIKE '%'||#{keyword}||'%') </when> <when test="scope == 
		'W'.toString()"> AND (user_num LIKE '%'||#{keyword}||'%') </when> <when test="scope 
		== 'TC'.toString()"> AND (pos_title LIKE '%'||#{keyword}||'%' OR post_content 
		LIKE '%'||#{keyword}||'%') </when> <when test="scope == 'TCW'.toString()"> 
		AND (pos_title LIKE '%'||#{keyword}||'%' OR post_content LIKE '%'||#{keyword}||'%' 
		OR user_num LIKE '%'||#{keyword}||'%') </when> </choose> </if> </where> <![CDATA[ 
		) WHERE rn >= ((#{pageNum} * #{rowAmountPerPage}) - (#{rowAmountPerPage} 
		- 1)) ]]> </select> -->

	<!-- 게시물 총 개수 조회(검색 페이징) -->	<!-- <select id="selectRowTotal" resultType="long" parameterType="com.team3.rc_pro.common.paging.domain.MyBoardPagingDTO"> 
		SELECT COUNT(*) rowTotal FROM book_ex.tbl_myboard <where> <if test="(scope 
		!= null or scope != '') and (keyword != null or keyword != '')"> <choose> 
		<when test="scope == 'T'.toString()"> (pos_title LIKE '%'||#{keyword}||'%') 
		</when> <when test="scope == 'C'.toString()"> (post_content LIKE '%'||#{keyword}||'%') 
		</when> <when test="scope == 'W'.toString()"> (user_num LIKE '%'||#{keyword}||'%') 
		</when> <when test="scope == 'TC'.toString()"> (pos_title LIKE '%'||#{keyword}||'%' 
		OR post_content LIKE '%'||#{keyword}||'%') </when> <when test="scope == 'TCW'.toString()"> 
		(pos_title LIKE '%'||#{keyword}||'%' OR post_content LIKE '%'||#{keyword}||'%' 
		OR user_num LIKE '%'||#{keyword}||'%') </when> </choose> </if> </where> </select> -->


	<!-- 검색 페이징 방법2 -->
	<!-- 게시물 목록조회(READ): 페이징 고려 --><!-- <select id="selectMyBoardList" resultType="com.team3.rc_pro.domain.MyBoardVO" 
		parameterType="com.team3.rc_pro.common.paging.domain.MyBoardPagingDTO"> <![CDATA[ 
		SELECT bno, pos_title, post_content, user_num, post_date, bmoddate, bviewCnt, 
		breplyCnt, bdelflag FROM ( SELECT /*+ INDEX_DESC (a pk_myboard) */ROWNUM 
		rn, a.* FROM book_ex.tbl_myboard a WHERE ]]> <trim prefix="(" suffix=") AND" 
		prefixOverrides="OR" > <foreach item='scope' collection="myScopeArr"> <trim 
		prefix="OR"> <choose> <when test="scope == 'T'.toString()">pos_title LIKE 
		'%'||#{keyword}||'%'</when> <when test="scope == 'C'.toString()">post_content 
		LIKE '%'||#{keyword}||'%'</when> <when test="scope == 'W'.toString()">user_num 
		LIKE '%'||#{keyword}||'%'</when> </choose> </trim> </foreach> </trim> <![CDATA[ 
		ROWNUM <= (#{pageNum} * #{rowAmountPerPage}) ) WHERE rn >= ((#{pageNum} * 
		#{rowAmountPerPage}) - (#{rowAmountPerPage} - 1)) ]]> </select> -->


	<!-- 게시물 총 개수 조회(페이징): 삭제 요청된 행 포함 --><!-- <select id="selectRowTotal" resultType="long" parameterType="com.team3.rc_pro.common.paging.domain.MyBoardPagingDTO" 
		> SELECT COUNT(*) rowTotal FROM book_ex.tbl_myboard <where> <trim prefix="(" 
		suffix=")" prefixOverrides="OR"> <foreach item='scope' collection="myScopeArr"> 
		<trim prefix="OR"> <choose> <when test="scope == 'T'.toString()">pos_title 
		LIKE '%'||#{keyword}||'%'</when> <when test="scope == 'C'.toString()">post_content 
		LIKE '%'||#{keyword}||'%'</when> <when test="scope == 'W'.toString()">user_num 
		LIKE '%'||#{keyword}||'%'</when> </choose> </trim> </foreach> </trim> </where> 
		</select> -->

	<!-- bno - post_id btitle - post_title bcontent - post_content bwriter(varchar) 
		- user_num(int) 바뀜 bregDate - post_date /bmodDate - 수정날짜 사라짐 / breplyCnt 
		- post_reply /bdelFlag - 삭제거부 사라짐 / bviewCnt - post_view -->

	<!-- 검색 페이징 방법2 -->
	<!-- 게시물 목록조회(READ): 페이징 고려, 기간검색 포함 -->
	<!-- <select id="selectMyBoardList" resultType="com.team3.rc_pro.domain.MyBoardVO" 
		parameterType="com.team3.rc_pro.common.paging.domain.MyBoardPagingDTO"> <![CDATA[ 
		SELECT post_id, post_title, post_content, user_num, post_date, post_view, 
		post_reply FROM ( SELECT /*+ INDEX_DESC (a pk_myboard) */ROWNUM rn, a.* FROM 
		post_info a WHERE ]]> 01 / 04 select 문에서 moddate, bdelflag 없애고 수정 <choose> 
		<when test="(beginDate != null and beginDate != '') and (endDate != null 
		and endDate != '')"> post_date BETWEEN TO_DATE(#{beginDate}, 'YYYY-MM-DD') 
		AND TO_DATE(#{endDate}, 'YYYY-MM-DD') AND </when> </choose> <trim prefix="(" 
		suffix=") AND" prefixOverrides="OR" > <foreach item='scope' collection="myScopeArr"> 
		<trim prefix="OR"> <choose> <when test="scope == 'T'.toString()">post_title 
		LIKE '%'||#{keyword}||'%'</when> <when test="scope == 'C'.toString()">post_content 
		LIKE '%'||#{keyword}||'%'</when> <when test="scope == 'W'.toString()">user_num 
		LIKE '%'||#{keyword}||'%'</when> </choose> </trim> </foreach> </trim> <![CDATA[ 
		ROWNUM <= (#{pageNum} * #{rowAmountPerPage}) ) WHERE rn >= ((#{pageNum} * 
		#{rowAmountPerPage}) - (#{rowAmountPerPage} - 1)) ]]> </select> 게시물 총 개수 
		조회(페이징): <select id="selectRowTotal" resultType="long" parameterType="com.team3.rc_pro.common.paging.domain.MyBoardPagingDTO" 
		> SELECT COUNT(*) rowTotal FROM post_info <where> <trim prefix="(" suffix=")" 
		prefixOverrides="OR"> <foreach item='scope' collection="myScopeArr"> <trim 
		prefix="OR"> <choose> <when test="scope == 'T'.toString()">pos_title LIKE 
		'%'||#{keyword}||'%'</when> <when test="scope == 'C'.toString()">post_content 
		LIKE '%'||#{keyword}||'%'</when> <when test="scope == 'W'.toString()">user_num 
		LIKE '%'||#{keyword}||'%'</when> </choose> </trim> </foreach> </trim> <choose> 
		<when test="(beginDate != null and beginDate != '') and (endDate != null 
		and endDate != '')"> AND post_date BETWEEN TO_DATE(#{beginDate}, 'YYYY-MM-DD') 
		AND TO_DATE(#{endDate}, 'YYYY-MM-DD') </when> </choose> </where> </select> -->




	<!-- 특정 게시물 조회(modify.jsp): jsp로 board 정보 표시 후, ajax로 첨부파일 정보 표시 -->
	<!-- <select id="selectMyBoard2" resultType="com.team3.rc_pro.domain.MyBoardVO"> 
		SELECT post_id, post_title, post_content, user_num, post_date, post_view, 
		post_reply FROM post_info WHERE post_id = #{post_id} </select> -->


	<!-- 특정 게시물 조회 해야됨@@@@@@@@@@@@@@@@@@@@@@@@@@@@@@@@@@@@@@@@@@@@@@@@@@@@@@@@@@@@@@@@ -->


	<!-- 특정 게시물 조회(detail.jsp): OUTER JOIN 사용 -->
	<!-- <resultMap type="com.team3.rc_pro.domain.MyBoardAttachFileVO" id="attachFileMap"> 
		<result property="uuid" column="uuid"/> <result property="uploadPath" column="uploadPath"/> 
		<result property="fileName" column="fileName"/> <result property="fileType" 
		column="fileType"/> <result property="post_id" column="mypost_id"/> </resultMap> -->

	<!-- bno - post_id btitle - post_title bcontent - post_content bwriter(varchar) 
		- user_num(int) 바뀜 bregDate - post_date /bmodDate - 수정날짜 사라짐 / breplyCnt 
		- post_reply /bdelFlag - 삭제거부 사라짐 / bviewCnt - post_view -->
	<resultMap type="com.team3.rc_pro.domain.MyBoardVO"
		id="myboardMap">
		<result property="post_id" column="post_id" />
		<result property="pos_title" column="pos_title" />
		<result property="post_content" column="post_content" />
		<result property="user_num" column="user_num" />
		<result property="post_date" column="post_date" />
		<!-- <result property="bmodDate" column="bmodDate"/> -->
		<result property="post_view" column="post_view" />
		<result property="post_reply" column="post_reply" />
		<!-- <result property="bdelFlag" column="bdelFlag"/> -->
		<!-- <result property="bviewCnt" column="bviewCnt"/> ?? 중복이 되어있음 -->
		<collection property="attachFileList"
			resultMap="attachFileMap" />
	</resultMap>

	<!-- 게시물 등록(CREATE) -->
	<!-- selectkey 이용않함 --><!-- <insert id="insertMyBoard" parameterType="com.team3.rc_pro.domain.MyBoardVO"> 
		INSERT INTO post_info VALUES (book_ex.seq_myboard.nextval, #{pos_title}, 
		#{post_content}, #{user_num}, DEFAULT, DEFAULT, DEFAULT, DEFAULT, DEFAULT) 
		</insert> -->
	<insert id="insertMyBoard"
		parameterType="com.team3.rc_pro.domain.MyBoardVO">
		<selectKey order="BEFORE" keyProperty="post_id"
			resultType="long">
			SELECT rc_pro.seq.nextval FROM dual
		</selectKey>
		INSERT INTO post_info
		VALUES (#{post_id},
		#{post_title},
		#{post_content},
		#{user_num},
		DEFAULT, DEFAULT, DEFAULT, DEFAULT, DEFAULT)
	</insert>


	<select id="selectMyBoard" resultMap="myboardMap">
		SELECT a.post_id,
		a.pos_title, a.post_content, a.user_num,
		a.post_date, a.post_view, a.post_reply,
		b.uuid, b.uploadPath, b.fileName, b.fileType, b.post_id AS mypost_id
		FROM
		post_info a LEFT OUTER JOIN book_ex.tbl_myAttachFiles b ON (a.post_id
		= b.post_id)
		WHERE a.post_id = #{post_id}
	</select>



	<!-- 게시물 조회수 증가(+1씩 증가) -->
	<update id="updateBviewCnt">
		UPDATE post_info
		SET post_view = post_view + 1
		WHERE
		post_id = #{post_id}
	</update>

	<!-- 게시물 수정(UPDATE) -->
	<update id="updateMyBoard"
		parameterType="com.team3.rc_pro.domain.MyBoardVO">
		UPDATE post_info
		SET pos_title = #{post_title} ,
		post_content = #{post_content}
		WHERE post_id = #{post_id}
	</update>

	<!-- 게시물 삭제(DELETE) -->
	<delete id="deleteMyBoard" parameterType="long">
		DELETE FROM post_info
		WHERE post_id = #{post_id}
		AND category_id = #{category_id}
		AND region_id = #{region_id}
	</delete>

	<!-- 게시글 스크랩 -->
	<!-- <insert id="scrapPost" parameterType="java.util.Map"> INSERT INTO scrape_info 
		(user_num, post_id, category_id, region_id) VALUES (#{user_num}, #{post_id}, 
		#{category_id}, #{region_id}) </insert> -->

	<!-- 스크랩 여부 확인 -->
	<!-- <select id="checkScrap" resultType="int" parameterType="java.util.Map"> 
		SELECT COUNT(*) FROM scrape_info WHERE user_num = #{user_num} AND post_id 
		= #{post_id} AND category_id = #{category_id} AND region_id = #{region_id} 
		</select> -->
	<!-- 스크랩 취소 -->
	<!-- <delete id="cancelScrap" parameterType="java.util.Map"> DELETE FROM 
		scrape_info WHERE user_num = #{user_num} AND post_id = #{post_id} AND category_id 
		= #{category_id} AND region_id = #{region_id} </delete> -->

	<!-- 사용자의 스크랩 목록 조회 -->
	<!-- <select id="getUserScraps" resultType="your.package.name.ScrapeInfo" 
		parameterType="int"> SELECT * FROM scrape_info WHERE user_num = #{user_num} 
		</select> -->


	<!-- 게시물 삭제 요청 이거 없애야 되는지 의문 없애도 되긴함 @@@@@@@@@@@@@@@@@@@@@@@@@@@@@@@ -->

	<!-- 게시물 삭제요청(bdelFlag를 1로 업데이트) -->
	<delete id="deletePost" parameterType="java.util.Map">
		DELETE FROM post_info
		WHERE post_id = #{post_id} AND category_id = #{category_id} AND region_id =
		#{region_id}
	</delete>


	<!-- 게시물의 댓글 개수 수정: 댓글추가 시에 #{amount}에 1, 댓글삭제 시 #{amount}에 -1 이 각각 전달됨 -->
	<update id="updateBreplyCnt">
		UPDATE post_info
		SET post_reply = post_reply+
		#{amount}
		WHERE post_id = #{post_id}
	</update>



	<select id="selectSysdate" resultType="java.util.Date">
		select sysdate from dual
	</select>

</mapper>