<?xml version="1.0" encoding="UTF-8"?>
<!DOCTYPE mapper
  PUBLIC "-//mybatis.org//DTD Mapper 3.0//EN"
  "https://mybatis.org/dtd/mybatis-3-mapper.dtd">
<mapper namespace="com.team3.rc_pro.mapper.MyReplyMapper">

<!-- 특정 게시물에 대한 댓글 목록 조회: 페이징 고려 -->
	<select id="selectMyReplyList" 
			resultType="com.team3.rc_pro.domain.MyReplyVO"
			parameterType="com.team3.rc_pro.common.paging.domain.MyReplyPagingDTO">
			
			
			<!-- rno -	reply_id 		rcontent - reply_content		rwriter - reply_id??		rRegDate -	reply_date		rModDate - 삭제
							bno - post_id		prno - parent_reply		rdelFlag - 삭제	 -->
			
	<![CDATA[
		SELECT lvl, reply_id, reply_content, reply_date,  post_id, parent_reply
		FROM ( 	SELECT /*+ INDEX(a IDX_BNO_RNO_REPLY)  */ ROWNUM rn, LEVEL lvl, a.*
				FROM reply_info a
				WHERE post_id = #{post_id}
				AND ROWNUM <= (#{pageNum} * #{rowAmountPerPage})
				START WITH parent_reply IS NULL
				CONNECT BY PRIOR reply_id = parent_reply
			  )
		WHERE rn >= ((#{pageNum} * #{rowAmountPerPage}) - (#{rowAmountPerPage} - 1))  

	]]>	
	</select>
	
<!-- rwriter(삭제?), rModDate,  -->


<!-- 특정 게시물에 대한 댓글 총 개수 -->
	<select id="selectRowTotal" resultType="Long" parameterType="long">
		SELECT COUNT(*) FROM reply_info
		WHERE post_id = #{post_id}
	</select>
	
<!-- 특정 게시물에 대한 댓글 등록 -->
	<insert id="insertMyReplyForBoard" parameterType="com.team3.rc_pro.domain.MyReplyVO">
		<selectKey keyProperty="reply_id" order="BEFORE" resultType="long">
			SELECT reply_info.NEXTVAL FROM dual 
		</selectKey>
	
	INSERT INTO reply_info
	VALUES (#{reply_id},#{reply_content},#{rwriter},DEFAULT,DEFAULT,#{post_id},NULL,DEFAULT)
	
	</insert>

<!-- 댓글에 대한 답글 등록(prno: 부모글의 rno 값) -->
	<insert id="insertMyReplyForReply" parameterType="com.team3.rc_pro.domain.MyReplyVO">
		<selectKey keyProperty="reply_id" order="BEFORE" resultType="long">
			SELECT reply_info.NEXTVAL FROM dual 
		</selectKey>
	
	INSERT INTO reply_info
	VALUES (#{reply_id},#{reply_content},#{rwriter},DEFAULT,DEFAULT,#{post_id},#{parent_reply},DEFAULT)
	
	</insert>
	
<!-- 특정 게시물에 대한 특정 댓글/답글 조회 -->
	<select id="selectMyReply" resultType="com.team3.rc_pro.domain.MyReplyVO">
		SELECT reply_id, reply_content,  rwriter, reply_date, rModDate, post_id, parent_id, rdelFlag
		FROM reply_info
		WHERE post_id = #{post_id} AND reply_id = #{reply_id}
	
	</select>
	
<!-- 특정 게시물에 대한 특정 댓글/답글 수정 -->
	<update id="updateMyReply" parameterType="com.team3.rc_pro.domain.MyReplyVO">
		UPDATE reply_info
		SET reply_content = #{reply_content} = DEFAULT
		WHERE post_id = #{post_id} AND reply_id = #{reply_id}
	</update>

<!-- 특정 게시물에 대한 특정 댓글/답글 삭제요청 -->
	<update id="updateRdelFlag">
		UPDATE reply_info
		SET rdelFlag = 1,
			rmodDate = DEFAULT
		WHERE post_id = #{post_id} AND reply_id = #{reply_id}
	</update>


<!-- 특정 게시물에 대한 모든 댓글 삭제 -->
	<delete id="deleteAllReply">
		DELETE FROM reply_info
		WHERE post_id = #{post_id}
	</delete>

</mapper>